timestamp,bluetooth_le-F1:5F:C5:86:3E:30-Resistance-1,bluetooth_le-F1:5F:C5:86:3E:30-Humidity-0
1637996187216,356.29139601653634,
1637996187308,376.3440831270724,95.79405975341797
1637996187397,396.9986277374971,95.8901138305664
1637996187532,,96.03584289550781
1637996187533,420.2496346377629,
1637996187624,448.3733959171901,96.0755844116211
1637996187712,481.9102576711703,96.09877014160156
1637996187847,,96.18488311767578
1637996187848,510.3245010035411,
1637996187937,,96.27761840820312
1637996187938,528.3582074510995,
1637996188027,,96.35379791259766
1637996188028,539.8496381892382,
1637996188118,,96.45316314697266
1637996188119,546.8277618699892,
1637996188252,551.5151299983681,96.47965240478516
1637996188341,,96.52932739257812
1637996188342,549.1679151017039,
1637996188432,,96.63863372802734
1637996188477,544.4947444617188,
1637996188567,537.5375617838239,96.63201141357422
1637996188657,523.8095000217301,96.71481323242188
1637996188747,,96.6518783569336
1637996188792,505.8823557791,
1637996188882,484.0579442531229,96.61875915527344
1637996188972,458.6894462267708,96.68168640136719
1637996189062,432.16781156046505,96.59889221191406
1637996189197,,96.57901763916016
1637996189198,406.59339274491816,
1637996189287,380.05392496390925,96.55252075195312
1637996189377,354.4973656770844,96.60220336914062
1637996189512,328.1452484350468,96.53595733642578
1637996189602,304.45860889776407,96.42997741699219
1637996189692,279.99998397827244,96.35379791259766
1637996189827,256.4417296444107,96.26437377929688
1637996189917,,96.27099609375
1637996189918,235.2231513692035,
1637996190007,214.70936121274457,96.27099609375
1637996190142,,96.2246322631836
1637996190143,194.86580229458525,
1637996190232,178.36594108941287,96.20144653320312
1637996190322,172.9667814031546,96.16169738769531
1637996190457,172.9667814031546,96.17826843261719
1637996190547,177.01149444690955,96.23124694824219
1637996190637,,96.34718322753906
1637996190638,185.18518191469718,
1637996190727,197.6608156268344,96.39353942871094
1637996190862,,96.44322204589844
1637996190863,213.27013591451833,
1637996190952,229.29171379908067,96.5260238647461
1637996191042,247.25944502118412,96.57901763916016
1637996191177,,96.63201141357422
1637996191182,268.897150255812,
1637996191267,,96.71150207519531
1637996191269,291.2988654196775,
1637996191357,,96.8174819946289
1637996191402,314.5057945404732,
1637996191492,340.31413570085226,96.90359497070312
1637996191581,,96.94003295898438
1637996191582,368.98394781041407,
1637996191672,,97.05926513671875
1637996191717,400.8208108206512,
1637996191808,434.1736790364072,97.11557006835938
1637996191897,464.9499278348915,97.15200805664062
1637996191988,,97.23811340332031
1637996192032,486.2118955858545,
1637996192122,,97.28117370605469
1637996192123,499.26793627545976,
1637996192212,,97.26129150390625
1637996192214,508.10012069228895,
1637996192302,,97.28117370605469
1637996192303,512.555414357086,
1637996192437,,97.36396789550781
1637996192438,508.10012069228895,
1637996192527,,97.34410095214844
1637996192528,501.4662700500234,
1637996192617,490.538577934194,97.41365051269531
1637996192752,,97.4269027709961
1637996192753,475.50434498298785,
1637996192842,456.61453030681747,97.38384246826172
1637996192932,438.2022389738328,97.38384246826172
1637996193067,414.36462669282946,97.31429290771484
1637996193157,387.5338813482023,97.31759643554688
1637996193247,,97.24142456054688
1637996193248,361.70212582475517,
1637996193562,333.3333333333333,97.2182388305664
1637996193563,,97.12881469726562
1637996193607,306.1224281266563,
1637996193608,278.4019796039199,97.148681640625
1637996193697,253.36597736060597,97.06588745117188
1637996193787,,96.90690612792969
1637996193788,229.29171379908067,
1637996193967,206.12485543065225,96.93009185791016
1637996194012,186.5585126786544,96.85392761230469
1637996194147,,96.86715698242188
1637996194148,177.01149444690955,
1637996194237,,96.83404541015625
1637996194238,174.3119250803963,
1637996194372,175.66015833061738,96.87378692626953
1637996194417,181.08419519824045,96.95989990234375
1637996194552,,97.08245086669922
1637996194553,190.69768287737128,
1637996194642,,97.15862274169922
1637996194643,201.87793517617746,
1637996194732,217.59810478213183,97.15862274169922
1637996194867,,97.35072326660156
1637996194868,236.71498184357242,
1637996194957,259.5325831483612,97.40040588378906
1637996195047,284.818082749614,97.4434585571289
1637996195182,312.8205357688906,97.53619384765625
1637996195272,342.07078427296346,97.5726318359375
1637996195362,374.4966447746951,97.67198181152344
1637996195452,,97.66536712646484
1637996195453,408.52821187382904,
1637996195587,,97.73822784423828
1637996195588,444.2877203812971,
1637996195677,479.7688125747511,97.85083770751953
1637996195767,,97.90714263916016
1637996195812,505.8823557791,
1637996195902,523.8095000217301,97.94027709960938
1637996195995,530.6427789294166,97.98001098632812
1637996196127,,97.9237060546875
1637996196128,532.9341233672134,
1637996196217,,97.99988555908203
1637996196218,526.0804877418584,
1637996196307,,97.95020294189453
1637996196308,514.7929023132826,
1637996196397,499.26793627545976,97.93363952636719
1637996196532,484.0579442531229,97.95020294189453
1637996196622,464.9499278348915,97.98001098632812
1637996196712,442.2535116221788,97.8938980102539
1637996196847,420.2496346377629,97.86077880859375
1637996196982,,97.87071228027344
1637996197027,396.9986277374971,97.77466583251953
1637996197072,374.4966447746951,
1637996197162,,97.82766723632812
1637996197163,350.92347092875866,
1637996197252,328.1452484350468,97.75148010253906
1637996197342,,97.74154663085938
1637996197387,311.13957700843696,
1637996197522,,97.78791809082031
1637996197523,301.1436022033441,
1637996197567,296.20251269433084,97.77466583251953
1637996197658,,97.84752655029297
1637996197659,294.5638439466953,
1637996197837,,97.88727569580078
1637996197882,296.20251269433084,97.94027709960938
1637996197883,302.7989619816315,
1637996197972,311.13957700843696,97.96013641357422
1637996198110,322.99739572383675,98.05288696289062
1637996198197,336.81462308726606,98.05619049072266
1637996198287,,98.08930969238281
1637996198288,352.70805323638746,
1637996198422,370.8166029277889,98.10586547851562
1637996198512,389.4165479267486,98.20191955566406
1637996198602,,98.20854187011719
1637996198603,410.46831686327073,
1637996198692,,98.35096740722656
1637996198737,432.16781156046505,
1637996198827,,98.30789184570312
1637996198828,456.61453030681747,
1637996198917,481.9102576711703,98.38076782226562
1637996199052,499.26793627545976,98.44369506835938
1637996199142,510.3245010035411,98.4503173828125
1637996199232,,98.44700622558594
1637996199233,514.7929023132826,
1637996199367,,98.5298080444336
1637996199457,514.7929023132826,
1637996199458,510.3245010035411,98.51655578613281
1637996199547,503.6710442683231,98.55299377441406
1637996199637,492.711360672877,98.56623840332031
1637996199772,479.7688125747511,98.56292724609375
1637996199862,464.9499278348915,98.56623840332031
1637996199953,,98.54306030273438
1637996199997,448.3733959171901,
1637996200087,430.1675983383237,98.55299377441406
1637996200177,,98.54306030273438
1637996200178,412.41379785027436,
1637996200267,393.1972616929975,98.51988220214844
1637996200402,374.4966447746951,98.49006652832031
1637996200492,347.36840710415464,98.46357727050781
1637996200627,319.5876414343309,98.48675537109375
1637996200717,297.84538613132423,98.45694732666016
1637996200807,,98.50331115722656
1637996200808,284.818082749614,
1637996200897,,98.55299377441406
1637996200942,276.8079714917693,
1637996201032,,98.53643798828125
1637996201033,273.6318518314587,
1637996201122,,98.58280181884766
1637996201212,273.6318518314587,
1637996201213,,98.52649688720703
1637996201257,276.8079714917693,
1637996201347,,98.66891479492188
1637996201348,281.601993764116,
1637996201437,288.0503085911886,98.599365234375
1637996201527,299.49238506188277,98.67884826660156
1637996201662,309.4629325840259,98.68879699707031
1637996201798,,98.73515319824219
1637996201887,322.99739572383675,
1637996201888,,98.72853088378906
1637996201932,336.81462308726606,
1637996201977,,98.86101531982422
1637996201978,352.70805323638746,
1637996202067,370.8166029277889,98.8808822631836
1637996202157,,98.950439453125
1637996202158,396.9986277374971,
1637996202292,426.1838369352267,98.88751220703125
1637996202382,450.4249516907538,98.98687744140625
1637996202472,467.0487265548845,99.00674438476562
1637996202607,475.50434498298785,99.0994873046875
1637996202697,479.7688125747511,99.0762939453125
1637996202787,,99.07298278808594
1637996202790,479.7688125747511,
1637996202877,,99.11604309082031
1637996202922,475.50434498298785,
1637996203012,,99.11935424804688
1637996203013,469.15349211585084,
1637996203147,,99.09285736083984
1637996203148,458.6894462267708,
1637996203327,,99.10941314697266
1637996203328,444.2877203812971,99.05973815917969
1637996203329,430.1675983383237,
1637996203417,412.41379785027436,99.08954620361328
1637996203552,,99.05642700195312
1637996203553,395.09536990077555,
1637996203642,,99.05311584472656
1637996203643,374.4966447746951,
1637996203732,354.4973656770844,99.0001220703125
1637996203867,,98.94050598144531
1637996203912,333.3333333333333,
1637996203957,311.13957700843696,99.01005554199219
1637996204047,,98.88751220703125
1637996204048,292.9292943401977,
1637996204137,,98.874267578125
1637996204138,283.20802140395097,
1637996204272,278.4019796039199,98.93387603759766
1637996204362,,98.9802474975586
1637996204363,273.6318518314587,
1637996204453,273.6318518314587,99.01667785644531
1637996204587,,99.11273193359375
1637996204632,276.8079714917693,
1637996204677,,99.04979705810547
1637996204678,281.601993764116,
1637996204767,,99.08954620361328
1637996204768,289.6725611289809,
1637996204992,301.1436022033441,99.09285736083984
1637996205037,314.5057945404732,99.21540069580078
1637996205082,331.599453730682,99.19884490966797
1637996205217,,99.2518310546875
1637996205218,349.14360299405985,
1637996205307,,99.31807708740234
1637996205308,368.98394781041407,
1637996205397,,99.30813598632812
1637996205442,389.4165479267486,
1637996205487,,99.41412353515625
1637996205532,414.36462669282946,
1637996205622,,99.41743469238281
1637996205623,440.2250463808651,
1637996205712,,99.46711730957031
1637996205803,462.8571378124004,99.4969253540039
1637996205938,477.6334782907746,99.50023651123047
1637996206027,486.2118955858545,
1637996206072,,99.55985260009766
1637996206073,492.711360672877,
1637996206162,,99.61284637451172
1637996206207,494.8905137049014,
1637996206252,492.711360672877,99.61946105957031
1637996206342,,99.58303833007812
1637996206343,488.3720794840724,
1637996206523,,99.58966064453125
1637996206524,479.7688125747511,
1637996206612,,99.53004455566406
1637996206613,467.0487265548845,
1637996206657,,99.54660034179688
1637996206702,448.3733959171901,
1637996206882,430.1675983383237,99.53666687011719
1637996206883,410.46831686327073,99.53666687011719
1637996207287,,99.51017761230469
1637996207332,387.5338813482023,
1637996207422,,99.50685119628906
1637996207512,367.1562048884259,
1637996207557,,99.5565414428711
1637996207558,343.83201949125566,
1637996207559,322.99739572383675,99.40087890625
1637996207648,,99.45054626464844
1637996207737,311.13957700843696,
1637996207738,,99.49362182617188
1637996207827,304.45860889776407,
1637996207962,,99.49029541015625
1637996208142,299.49238506188277,
1637996208144,297.84538613132423,99.53666687011719
1637996208277,297.84538613132423,
1637996208278,302.7989619816315,99.55985260009766
1637996208367,,99.61946105957031
1637996208502,309.4629325840259,
1637996208503,319.5876414343309,99.67909240722656
1637996208682,,99.75857543945312
1637996208684,331.599453730682,
1637996208727,347.36840710415464,99.78507232666016
1637996208819,,99.81156921386719
1637996208820,363.5153109542348,
1637996208907,,99.86456298828125
1637996208908,381.91632522962715,
1637996208998,,99.84800720214844
1637996209042,400.8208108206512,
1637996209132,,99.90431213378906
1637996209133,422.2222177481946,
1637996209222,,99.9473648071289
1637996209223,446.3276673833569,
1637996209357,,100.03678894042969
1637996209537,469.15349211585084,100.06990051269531
1637996209672,481.9102576711703,
1637996209719,,100.05997467041016
1637996209720,484.0579442531229,
1637996209852,,100.07322692871094
1637996209853,484.0579442531229,100.03678894042969
1637996209854,479.7688125747511,
1637996209898,,100.0235366821289
1637996209899,471.2643936455603,
1637996210077,,100.04672241210938
1637996210078,458.6894462267708,
1637996210302,444.2877203812971,100.0069808959961
1637996210303,,99.96392059326172
1637996210752,428.172964031484,99.92417907714844
1637996210753,412.41379785027436,
1637996210797,,99.91424560546875
1637996210887,393.1972616929975,
1637996210888,381.91632522962715,99.9076156616211
1637996211157,,99.80494689941406
1637996211292,372.6541438243005,
1637996211742,,99.775146484375
1637996211832,367.1562048884259,
1637996211833,361.70212582475517,99.91755676269531
1637996211834,,99.8811264038086
1637996211923,365.3333372819689,
1637996211967,,99.98379516601562
1637996212057,368.98394781041407,
1637996212058,,100.22225952148438
1637996212103,372.6541438243005,
1637996212328,,100.29844665527344
1637996212687,378.19650492048123,
1637996212822,,100.31500244140625
1637996212823,387.5338813482023,
1637996212868,395.09536990077555,100.34149932861328
1637996212912,,100.34481048583984
1637996212913,400.8208108206512,
1637996213317,,100.47728729248047
1637996213318,406.59339274491816,
1637996213993,,100.48722839355469
1637996213994,410.46831686327073,100.43754577636719
1637996214308,410.46831686327073,100.38124084472656
1637996214487,408.52821187382904,
1637996214577,,100.22888946533203
1637996214578,408.52821187382904,
1637996214579,,100.2322006225586
1637996214580,406.59339274491816,
1637996214802,,100.16264343261719
1637996214803,406.59339274491816,100.2255859375
1637996214804,404.6639299320293,
1637996214937,400.8208108206512,100.19908142089844
1637996214938,,100.22888946533203
1637996214939,396.9986277374971,
1637996215298,393.1972616929975,100.27525329589844
1637996215522,,100.29512023925781
1637996215523,393.1972616929975,
1637996215927,,100.29512023925781
1637996215928,393.1972616929975,100.39448547363281
1637996215929,395.09536990077555,
1637996216017,,100.45079040527344
1637996216152,398.90710798281384,
1637996216242,,100.54684448242188
1637996216243,402.7397376024876,100.6826400756836
1637996216246,410.46831686327073,
1637996216287,,100.62633514404297
1637996216332,418.28254902895475,
1637996216512,432.16781156046505,100.70250701904297
1637996216513,,100.6991958618164
1637996216514,448.3733959171901,
1637996216737,,100.7588119506836
1637996216782,456.61453030681747,
1637996217502,,100.63957977294922
1637996217682,460.77034690833864,
1637996218627,458.6894462267708,100.62633514404297
1637996218897,,100.65614318847656
1637996218898,446.3276673833569,
1637996219033,448.3733959171901,100.64950561523438
1637996219034,450.4249516907538,100.07984161376953
1637996219122,,100.21563720703125
1637996219123,448.3733959171901,
1637996219257,,100.278564453125
1637996219258,448.3733959171901,100.36799621582031
1637996219259,444.2877203812971,
1637996219527,,100.36467742919922
1637996219528,442.2535116221788,
1637996219529,438.2022389738328,100.34149932861328
1637996219662,,100.42098236083984
1637996219753,436.1851437413944,
1637996220022,,100.3779296875
1637996221732,436.1851437413944,
1637996222002,,100.4574203491211
1637996222047,436.1851437413944,
1637996222453,,100.47728729248047
1637996222498,434.1736790364072,100.52366638183594
1637996222903,434.1736790364072,
1637996222948,,100.30175018310547
1637996222949,438.2022389738328,
1637996222992,,100.40773010253906
1637996223173,446.3276673833569,
1637996223262,,100.5733413696289
1637996223263,456.61453030681747,
1637996223308,,100.66276550292969
1637996223398,475.50434498298785,
1637996223399,475.50434498298785,100.66938781738281
1637996223400,,100.71575927734375
1637996223442,473.3812865196108,
1637996223758,,100.72900390625
1637996224882,473.3812865196108,
1637996224883,,100.72238159179688
1637996225288,471.2643936455603,100.84823608398438
1637996225603,471.2643936455603,100.80519104003906
1637996225648,454.5454446934474,
1637996225783,,100.46073150634766
1637996225918,450.4249516907538,100.42430114746094
1637996225919,452.4822852647644,
1637996225921,,100.54022216796875
1637996226097,454.5454446934474,
1637996226098,456.61453030681747,100.60646057128906
1637996226142,,100.68925476074219
1637996226413,460.77034690833864,
1637996226414,464.9499278348915,100.73562622070312
1637996226415,,100.73562622070312
1637996226457,464.9499278348915,
1637996226548,,100.8084945678711
1637996226640,462.8571378124004,
1637996226683,,100.88798522949219
1637996226728,460.77034690833864,
1637996226863,,100.89129638671875
1637996227312,456.61453030681747,
1637996227313,,100.88798522949219
1637996227314,456.61453030681747,
1637996227315,,100.9542236328125
1637996227540,454.5454446934474,
1637996227541,452.4822852647644,101.02046203613281
1637996227542,,101.01052856445312
1637996227943,444.2877203812971,
1637996228123,,101.06352233886719
1637996228124,432.16781156046505,101.02046203613281
1637996228438,,101.0237808227539
1637996228439,428.172964031484,
1637996228483,414.36462669282946,100.86811065673828
1637996229158,396.9986277374971,100.79524993896484
1637996229519,378.19650492048123,100.84492492675781
1637996229697,,100.80519104003906
1637996229698,370.8166029277889,
1637996229922,,100.79524993896484
1637996229923,368.98394781041407,
1637996230013,367.1562048884259,100.8084945678711
1637996230823,365.3333372819689,100.84823608398438
1637996230913,365.3333372819689,100.97410583496094
1637996230914,365.3333372819689,100.97410583496094
1637996231093,365.3333372819689,101.07014465332031
1637996231094,363.5153109542348,101.28211975097656
1637996231588,363.5153109542348,101.23243713378906
1637996231589,368.98394781041407,101.3351058959961
1637996231633,,101.28543090820312
1637996231722,372.6541438243005,
1637996231723,,101.27880096435547
1637996231724,374.4966447746951,
1637996232172,,101.21588134765625
1637996232758,372.6541438243005,101.18606567382812
1637996232759,370.8166029277889,101.11982727050781
1637996233162,370.8166029277889,
1637996235728,,101.21255493164062
1637996235729,381.91632522962715,100.9310302734375
1637996235818,,100.94760131835938
1637996235819,372.6541438243005,
1637996235863,,101.05690002441406
1637996235865,359.8937523746633,
1637996235952,,101.50402069091797
1637996235953,345.5979011846211,
1637996236088,,101.50733184814453
1637996236089,333.3333333333333,
1637996236223,319.5876414343309,101.38479614257812
1637996236268,306.1224281266563,101.34504699707031
1637996236403,296.20251269433084,101.3284912109375
1637996236492,,101.22581481933594
1637996236493,286.4321580586634,
1637996236583,279.99998397827244,101.22249603271484
1637996236673,279.99998397827244,101.25563049316406
1637996236808,286.4321580586634,101.24237060546875
1637996236897,,101.36160278320312
1637996236898,296.20251269433084,
1637996236988,,101.33842468261719
1637996237033,307.79052798907594,
1637996237123,322.99739572383675,101.3748550415039
1637996237213,329.8701315043567,101.3748550415039
1637996237303,,101.43115997314453
1637996237348,338.562100050038,
1637996237438,,101.43115997314453
1637996237439,352.70805323638746,
1637996237528,370.8166029277889,101.4344711303711
1637996237618,,101.4510269165039
1637996237663,387.5338813482023,
1637996237753,406.59339274491816,101.5802001953125
1637996237843,428.172964031484,101.54376983642578
1637996237933,,101.7060546875
1637996237978,448.3733959171901,
1637996238068,469.15349211585084,101.64643859863281
1637996238157,,101.68949890136719
1637996238158,488.3720794840724,
1637996238248,505.8823557791,101.72262573242188
1637996238383,519.2878422776885,101.74580383300781
1637996238473,530.6427789294166,101.83853912353516
1637996238563,537.5375617838239,101.79216003417969
1637996238698,542.1686544527705,101.84846496582031
1637996238788,544.4947444617188,101.95777130126953
1637996238878,,101.9511489868164
1637996238879,546.8277618699892,
1637996239013,,102.01407623291016
1637996239014,546.8277618699892,
1637996239103,535.2323644849425,101.97102355957031
1637996239193,526.0804877418584,102.03395080566406
1637996239331,,102.11343383789062
1637996239373,505.8823557791,
1637996239418,486.2118955858545,102.07701110839844
1637996239508,467.0487265548845,102.156494140625
1637996239643,450.4249516907538,102.14987182617188
1637996239733,434.1736790364072,102.15980529785156
1637996239823,422.2222177481946,102.19624328613281
1637996239958,404.6639299320293,101.99420166015625
1637996240048,376.3440831270724,101.97764587402344
1637996240138,347.36840710415464,101.99420166015625
1637996240228,,101.98426818847656
1637996240229,317.88930735470086,
1637996240363,288.0503085911886,101.95446014404297
1637996240453,259.5325831483612,101.92465209960938
1637996240587,,101.93458557128906
1637996240588,230.76922230466616,
1637996240678,204.70588327163645,101.81204223632812
1637996240768,186.5585126786544,101.75904846191406
1637996240857,,101.7259292602539
1637996240903,168.9497669073066,
1637996240992,,101.76898956298828
1637996240993,158.3710396988616,
1637996241082,,101.57688903808594
1637996241083,147.98205771742826,
1637996241218,137.7777824496047,101.49407958984375
1637996241307,,101.39472198486328
1637996241353,127.75330450147598,
1637996241397,,101.42784881591797
1637996241398,119.12568877150498,
1637996241487,,101.42784881591797
1637996241533,115.46840766676681,
1637996241622,,101.39472198486328
1637996241623,115.46840766676681,
1637996241712,,101.37816619873047
1637996241713,122.80701137976004,
1637996241803,135.25499749373952,101.42121887207031
1637996241938,150.56180178614952,101.46759033203125
1637996242028,168.9497669073066,101.50733184814453
1637996242117,,101.54376983642578
1637996242118,189.3147555326545,
1637996242252,,101.5603256225586
1637996242253,210.4018886439673,
1637996242342,,101.61001586914062
1637996242343,232.25030803882208,
1637996242433,256.4417296444107,101.67955017089844
1637996242567,,101.68949890136719
1637996242568,279.99998397827244,
1637996242657,,101.72924041748047
1637996242658,302.7989619816315,
1637996242748,328.1452484350468,101.81866455078125
1637996242837,,101.82860565185547
1637996242838,352.70805323638746,
1637996242972,,101.8551025390625
1637996242973,380.05392496390925,
1637996243063,402.7397376024876,101.86834716796875
1637996243197,,101.9014663696289
1637996243198,418.28254902895475,
1637996243333,,101.92465209960938
1637996243334,430.1675983383237,
1637996243377,,101.87165832519531
1637996243378,440.2250463808651,
1637996243468,,101.91140747070312
1637996243513,440.2250463808651,
1637996243602,,101.95446014404297
1637996243603,440.2250463808651,
1637996243692,,101.96107482910156
1637996243693,438.2022389738328,
1637996243827,,102.01737976074219
1637996243828,434.1736790364072,
1637996243917,,101.96440124511719
1637996243918,422.2222177481946,
1637996244007,,102.0107650756836
1637996244008,404.6639299320293,
1637996244098,383.78379367580396,102.11343383789062
1637996244232,,102.04388427734375
1637996244233,368.98394781041407,
1637996244322,,102.05712890625
1637996244323,350.92347092875866,
1637996244413,333.3333333333333,102.07701110839844
1637996244548,314.5057945404732,101.99420166015625
1637996244638,296.20251269433084,101.95777130126953
1637996244728,283.20802140395097,101.98095703125
1637996244863,275.2179175532079,101.99752044677734
1637996244953,268.897150255812,101.9014663696289
1637996245043,,101.98095703125
1637996245044,265.7601990281764,
1637996245178,268.897150255812,102.03395080566406
1637996245268,,102.01407623291016
1637996245269,272.0497037830848,
1637996245358,276.8079714917693,102.004150390625
1637996245493,,102.14656066894531
1637996245494,281.601993764116,
1637996245583,,102.13993835449219
1637996245584,292.9292943401977,
1637996245674,,102.12006378173828
1637996245675,307.79052798907594,
1637996245808,326.4248454653038,102.1266860961914
1637996245898,340.31413570085226,102.21279907226562
1637996245989,358.09019428186605,102.23267364501953
1637996246123,374.4966447746951,102.255859375
1637996246213,393.1972616929975,102.21942138671875
1637996246303,,102.29228973388672
1637996246304,410.46831686327073,
1637996246438,,102.28897857666016
1637996246439,422.2222177481946,
1637996246528,428.172964031484,102.26248168945312
1637996246618,432.16781156046505,102.30884552001953
1637996246753,428.172964031484,102.24922943115234
1637996246843,,102.21611022949219
1637996246844,420.2496346377629,
1637996246933,412.41379785027436,102.23929595947266
1637996247068,398.90710798281384,102.156494140625
1637996247158,,102.1366195678711
1637996247159,380.05392496390925,
1637996247248,359.8937523746633,102.0306396484375
1637996247383,342.07078427296346,101.91471862792969
1637996247473,,101.91140747070312
1637996247474,331.599453730682,
1637996247563,,101.88821411132812
1637996247564,324.70891344200567,
1637996247698,,101.92134094238281
1637996247699,319.5876414343309,
1637996247789,317.88930735470086,102.01407623291016
1637996247878,,101.99752044677734
1637996247923,319.5876414343309,
1637996247968,321.29033839516615,102.01737976074219
1637996248103,324.70891344200567,102.05050659179688
1637996248193,329.8701315043567,102.07368469238281
1637996248283,,102.07368469238281
1637996248328,336.81462308726606,
1637996248418,347.36840710415464,102.156494140625
1637996248508,359.8937523746633,102.21942138671875
1637996248598,,102.20286560058594
1637996248643,370.8166029277889,
1637996248733,383.78379367580396,102.21942138671875
1637996248823,406.59339274491816,102.27572631835938
1637996248913,,102.32209777832031
1637996248914,430.1675983383237,
1637996249048,,102.27241516113281
1637996249049,448.3733959171901,
1637996249138,454.5454446934474,102.47114562988281
1637996249228,456.61453030681747,102.38502502441406
1637996249363,,102.34197998046875
1637996249364,458.6894462267708,
1637996249453,,102.39164733886719
1637996249454,456.61453030681747,
1637996249543,446.3276673833569,102.36846923828125
1637996249678,432.16781156046505,102.40489959716797
1637996249768,414.36462669282946,102.43470764160156
1637996249858,398.90710798281384,102.31547546386719
1637996249993,,102.16311645507812
1637996249994,381.91632522962715,
1637996250083,361.70212582475517,102.1101303100586
1637996250173,,101.98757934570312
1637996250174,340.31413570085226,
1637996250308,319.5876414343309,101.83853912353516
1637996250398,,101.67955017089844
1637996250399,302.7989619816315,
1637996250488,292.9292943401977,101.69943237304688
1637996250623,286.4321580586634,101.66632080078125
1637996250713,,101.73255157470703
1637996250714,284.818082749614,
1637996250803,,101.72262573242188
1637996250804,288.0503085911886,
1637996250939,292.9292943401977,101.70274353027344
1637996251028,296.20251269433084,101.79548645019531
1637996251119,301.1436022033441,101.78885650634766
1637996251208,312.8205357688906,101.88159942626953
1637996251343,,101.9014663696289
1637996251344,328.1452484350468,
1637996251433,343.83201949125566,101.93458557128906
1637996251523,358.09019428186605,101.98095703125
1637996251658,376.3440831270724,101.99420166015625
1637996251748,395.09536990077555,102.08031463623047
1637996251838,,102.10018920898438
1637996251883,414.36462669282946,
1637996251973,438.2022389738328,102.05712890625
1637996252063,454.5454446934474,102.17306518554688
1637996252198,,102.19292449951172
1637996252199,464.9499278348915,
1637996252288,,102.23929595947266
1637996252289,462.8571378124004,
1637996252379,448.3733959171901,102.18299102783203
1637996252468,,102.23929595947266
1637996252469,430.1675983383237,
1637996252603,,102.26910400390625
1637996252604,408.52821187382904,
1637996252693,,102.31547546386719
1637996252694,389.4165479267486,
1637996252783,,102.33865356445312
1637996252784,370.8166029277889,
1637996252918,,102.26910400390625
1637996252919,347.36840710415464,
1637996253008,328.1452484350468,102.26910400390625
1637996253098,,102.38833618164062
1637996253099,316.1953882543661,
1637996253233,306.1224281266563,102.30553436279297
1637996253323,,102.3817138671875
1637996253324,299.49238506188277,
1637996253414,296.20251269433084,102.44795227050781
1637996253548,296.20251269433084,102.42808532714844
1637996253638,294.5638439466953,102.4777603149414
1637996253728,297.84538613132423,102.48770141601562
1637996253818,,102.49101257324219
1637996253863,299.49238506188277,
1637996253954,307.79052798907594,102.507568359375
1637996254043,324.70891344200567,102.55062866210938
1637996254133,,102.58042907714844
1637996254178,345.5979011846211,
1637996254268,365.3333372819689,102.57381439208984
1637996254358,,102.6864242553711
1637996254359,387.5338813482023,
1637996254448,,102.71292114257812
1637996254493,408.52821187382904,
1637996254584,432.16781156046505,102.75267028808594
1637996254673,,102.81558990478516
1637996254674,452.4822852647644,
1637996254763,,102.782470703125
1637996254808,469.15349211585084,
1637996254898,477.6334782907746,102.82553100585938
1637996254988,486.2118955858545,102.82553100585938
1637996255078,,102.83877563476562
1637996255079,488.3720794840724,
1637996255213,,102.82884216308594
1637996255214,490.538577934194,
1637996255303,,102.86195373535156
1637996255304,492.711360672877,
1637996255393,,102.84539794921875
1637996255394,492.711360672877,
1637996255529,490.538577934194,102.89176940917969
1637996255618,,102.90501403808594
1637996255619,488.3720794840724,
1637996255708,,102.82553100585938
1637996255709,486.2118955858545,
1637996255843,481.9102576711703,102.82553100585938
1637996255933,,102.82220458984375
1637996255934,477.6334782907746,
1637996256023,,102.81890106201172
1637996256024,471.2643936455603,
1637996256158,,102.73609924316406
1637996256159,467.0487265548845,
1637996256248,,102.73609924316406
1637996256250,460.77034690833864,
1637996256338,456.61453030681747,102.72285461425781
1637996256473,452.4822852647644,102.70629119873047
1637996256563,448.3733959171901,102.74272918701172
1637996256653,446.3276673833569,102.75928497314453
1637996256743,442.2535116221788,102.71623229980469
1637996256878,438.2022389738328,102.76922607421875
1637996256969,436.1851437413944,102.64998626708984
1637996257059,,102.74272918701172
1637996257104,434.1736790364072,
1637996257193,430.1675983383237,102.70629119873047
1637996257283,428.172964031484,102.62350463867188
1637996257373,,102.63011932373047
1637996257418,424.2002776014619,
1637996257508,,102.68973541259766
1637996257509,422.2222177481946,
1637996257598,,102.6268081665039
1637996257599,418.28254902895475,
1637996257688,,102.54731750488281
1637996257733,414.36462669282946,
1637996257824,410.46831686327073,102.55393981933594
1637996257913,404.6639299320293,102.43801879882812
1637996258003,,102.36515045166016
1637996258004,398.90710798281384,
1637996258138,,102.32209777832031
1637996258139,391.3043437698163,
1637996258228,,102.20948791503906
1637996258229,385.65628121334447,
1637996258318,376.3440831270724,102.18962097167969
1637996258453,,102.1101303100586
1637996258454,365.3333372819689,
1637996258543,,101.93458557128906
1637996258544,356.29139601653634,
1637996258633,343.83201949125566,101.81535339355469
1637996258768,333.3333333333333,101.65637969970703
1637996258859,319.5876414343309,101.54376983642578
1637996258949,309.4629325840259,101.454345703125
1637996259083,304.45860889776407,101.43777465820312
1637996259173,304.45860889776407,101.41459655761719
1637996259263,306.1224281266563,101.37816619873047
1637996259398,309.4629325840259,101.454345703125
1637996259488,314.5057945404732,101.46759033203125
1637996259578,322.99739572383675,101.55038452148438
1637996259713,331.599453730682,101.5802001953125
1637996259803,,101.61001586914062
1637996259804,340.31413570085226,
1637996259893,350.92347092875866,101.63319396972656
1637996259983,,101.68618774414062
1637996260028,363.5153109542348,
1637996260118,376.3440831270724,101.7060546875
1637996260208,391.3043437698163,101.76898956298828
1637996260343,,101.74580383300781
1637996260344,406.59339274491816,
1637996260433,424.2002776014619,101.84846496582031
1637996260523,,101.8252944946289
1637996260525,444.2877203812971,
1637996260658,458.6894462267708,101.84516143798828
1637996260748,,101.91140747070312
1637996260749,469.15349211585084,
1637996260838,471.2643936455603,101.85841369628906
1637996260928,462.8571378124004,101.94121551513672
1637996261065,446.3276673833569,101.9312744140625
1637996261153,,101.99420166015625
1637996261154,430.1675983383237,
1637996261243,,101.89154052734375
1637996261288,406.59339274491816,
1637996261378,387.5338813482023,101.88821411132812
1637996261468,,101.93458557128906
1637996261469,367.1562048884259,
1637996261558,,102.00082397460938
1637996261603,345.5979011846211,
1637996261693,324.70891344200567,101.88821411132812
1637996261783,,101.90476989746094
1637996261784,307.79052798907594,
1637996261873,284.818082749614,101.82197570800781
1637996262008,,101.76567077636719
1637996262009,262.63871284548355,
1637996262098,,101.72262573242188
1637996262099,242.71845334391327,
1637996262188,224.88039149728496,101.63650512695312
1637996262323,208.97284486589837,101.61331939697266
1637996262413,194.86580229458525,101.530517578125
1637996262503,,101.530517578125
1637996262548,189.3147555326545,
1637996262639,192.0838256441257,101.52720642089844
1637996262729,200.46893138398997,101.59676361083984
1637996262819,208.97284486589837,101.5802001953125
1637996262954,223.4169600066818,101.57688903808594
1637996263043,,101.73918151855469
1637996263044,236.71498184357242,
1637996263133,,101.74911499023438
1637996263134,250.3052500137855,
1637996263268,,101.77560424804688
1637996263269,268.897150255812,
1637996263359,284.818082749614,101.7557373046875
1637996263448,,101.8849105834961
1637996263449,301.1436022033441,
1637996263583,,101.91140747070312
1637996263584,322.99739572383675,
1637996263674,345.5979011846211,101.89484405517578
1637996263763,,101.90809631347656
1637996263764,368.98394781041407,
1637996263853,,101.93458557128906
1637996263898,389.4165479267486,
1637996263988,,101.95777130126953
1637996263989,410.46831686327073,
1637996264078,,102.08694458007812
1637996264079,428.172964031484,
1637996264213,,102.02401733398438
1637996264214,440.2250463808651,
1637996264303,,102.0306396484375
1637996264304,448.3733959171901,
1637996264394,454.5454446934474,102.09356689453125
1637996264528,,102.09687805175781
1637996264529,452.4822852647644,
1637996264618,,102.12006378173828
1637996264619,440.2250463808651,
1637996264708,,102.12998962402344
1637996264709,426.1838369352267,
1637996264844,404.6639299320293,102.12006378173828
1637996264933,,102.17306518554688
1637996264934,389.4165479267486,
1637996265023,,102.12337493896484
1637996265024,368.98394781041407,
1637996265114,343.83201949125566,102.19624328613281
1637996265248,,102.17306518554688
1637996265249,319.5876414343309,
1637996265338,,102.10018920898438
1637996265339,294.5638439466953,
1637996265428,,102.02732849121094
1637996265429,273.6318518314587,
1637996265563,,101.8551025390625
1637996265564,254.9019488679685,
1637996265653,,101.76898956298828
1637996265654,236.71498184357242,
1637996265744,,101.66962432861328
1637996265788,220.50058943095416,
1637996265878,,101.530517578125
1637996265879,204.70588327163645,
1637996265968,,101.40797424316406
1637996265969,189.3147555326545,
1637996266058,,101.39804077148438
1637996266059,175.66015833061738,
1637996266193,,101.23574829101562
1637996266194,166.2870173902839,
1637996266283,,101.24899291992188
1637996266284,166.2870173902839,
1637996266373,,101.29205322265625
1637996266374,170.2857133577308,
1637996266508,,101.25563049316406
1637996266511,179.72349953966867,
1637996266599,187.93503313940778,101.27880096435547
1637996266688,,101.3351058959961
1637996266689,200.46893138398997,
1637996266824,217.59810478213183,101.3052978515625
1637996266913,,101.3814697265625
1637996266914,236.71498184357242,
1637996267003,,101.43777465820312
1637996267004,256.4417296444107,
1637996267093,,101.4344711303711
1637996267094,276.8079714917693,
1637996267228,,101.50402069091797
1637996267229,296.20251269433084,
1637996267318,,101.53382873535156
1637996267319,314.5057945404732,
1637996267409,,101.58682250976562
1637996267453,336.81462308726606,
1637996267543,,101.68287658691406
1637996267544,354.4973656770844,
1637996267633,,101.69281005859375
1637996267634,374.4966447746951,
1637996267724,,101.75242614746094
1637996267768,395.09536990077555,
1637996267858,,101.79548645019531
1637996267859,412.41379785027436,
1637996267948,,101.73255157470703
1637996267949,422.2222177481946,
1637996268083,422.2222177481946,101.85179138183594
1637996268173,412.41379785027436,101.80210876464844
1637996268263,,101.79879760742188
1637996268264,400.8208108206512,
1637996268353,,101.81204223632812
1637996268354,381.91632522962715,
1637996268488,,101.76898956298828
1637996268489,361.70212582475517,
1637996268578,,101.79216003417969
1637996268579,342.07078427296346,
1637996268668,,101.7557373046875
1637996268713,319.5876414343309,
1637996268803,,101.77560424804688
1637996268804,297.84538613132423,
1637996268893,,101.76567077636719
1637996268894,276.8079714917693,
1637996268983,,101.7093734741211
1637996268984,253.36597736060597,
1637996269118,,101.71599578857422
1637996269119,229.29171379908067,
1637996269208,,101.68949890136719
1637996269209,206.12485543065225,
1637996269298,,101.67955017089844
1637996269299,183.8150364001019,
1637996269434,163.6363622176746,101.65306854248047
1637996269524,147.98205771742826,101.66299438476562
1637996269614,,101.62657165527344
1637996269658,139.0433740125619,
1637996269749,137.7777824496047,101.6298828125
1637996269840,141.58305522864714,101.66632080078125
1637996269928,,101.74580383300781
1637996269929,146.69652800710807,
1637996270063,,101.74580383300781
1637996270064,159.68290507101528,
1637996270154,171.6247090897872,101.76567077636719
1637996270244,,101.81204223632812
1637996270292,186.5585126786544,
1637996270378,,101.89484405517578
1637996270379,203.29025223612763,
1637996270468,,101.97764587402344
1637996270469,220.50058943095416,
1637996270603,,101.93458557128906
1637996270604,239.70944337603478,
1637996270693,,102.08031463623047
1637996270694,261.0837389361802,
1637996270784,284.818082749614,102.07038116455078
1637996270873,,102.05382537841797
1637996270874,309.4629325840259,
1637996271008,,102.13331604003906
1637996271009,331.599453730682,
1637996271098,,102.14987182617188
1637996271099,352.70805323638746,
1637996271189,365.3333372819689,102.19955444335938
1637996271323,,102.26910400390625
1637996271324,372.6541438243005,
1637996271414,370.8166029277889,102.18962097167969
1637996271503,,102.29560089111328
1637996271504,368.98394781041407,
1637996271593,,102.36515045166016
1637996271594,358.09019428186605,
1637996271728,,102.35520935058594
1637996271729,338.562100050038,
1637996271818,,102.33203125
1637996271819,317.88930735470086,
1637996271908,,102.43801879882812
1637996271954,294.5638439466953,
1637996272044,270.47147874108975,102.41814422607422
1637996272133,,102.43470764160156
1637996272134,247.25944502118412,
1637996272223,,102.49763488769531
1637996272268,224.88039149728496,
1637996272358,,102.47114562988281
1637996272359,203.29025223612763,
1637996272449,186.5585126786544,102.54731750488281
1637996272583,,102.64998626708984
1637996272584,174.3119250803963,
1637996272673,,102.5373764038086
1637996272674,168.9497669073066,
1637996272764,164.9601827409251,102.5870590209961
1637996272854,166.2870173902839,102.56056213378906
1637996272988,,102.6566162109375
1637996272989,168.9497669073066,
1637996273079,175.66015833061738,102.72285461425781
1637996273168,,102.75597381591797
1637996273214,181.08419519824045,
1637996273303,,102.77584838867188
1637996273304,193.47320207507804,
1637996273393,,102.78578186035156
1637996273394,210.4018886439673,
1637996273484,,102.84870910644531
1637996273529,230.76922230466616,
1637996273618,,102.87520599365234
1637996273619,251.83373789526448,
1637996273708,,102.89176940917969
1637996273709,275.2179175532079,
1637996273798,,102.94807434082031
1637996273799,301.1436022033441,
1637996273934,324.70891344200567,102.96463012695312
1637996274023,,103.03086853027344
1637996274024,349.14360299405985,
1637996274114,368.98394781041407,103.06730651855469
1637996274248,,103.02093505859375
1637996274249,383.78379367580396,
1637996274338,,103.12361145019531
1637996274339,391.3043437698163,
1637996274429,385.65628121334447,103.1070556640625
1637996274563,,103.14680480957031
1637996274564,370.8166029277889,
1637996274654,354.4973656770844,103.19316101074219
1637996274744,333.3333333333333,103.19978332519531
1637996274879,311.13957700843696,103.20641326904297
1637996274969,,103.29252624511719
1637996274970,288.0503085911886,
1637996275059,265.7601990281764,103.2627182006836
1637996275148,,103.26602935791016
1637996275193,245.74209730423934,
1637996275284,226.34731379102112,103.35545349121094
1637996275374,207.54716234217366,103.28921508789062
1637996275508,,103.26934051513672
1637996275509,193.47320207507804,
1637996275599,183.8150364001019,103.24946594238281
1637996275688,,103.2627182006836
1637996275733,178.36594108941287,
1637996275823,,103.32894897460938
1637996275824,174.3119250803963,
1637996275913,,103.34883117675781
1637996275914,174.3119250803963,
1637996276003,,103.39851379394531
1637996276004,175.66015833061738,
1637996276094,,103.38525390625
1637996276139,185.18518191469718,
1637996276229,200.46893138398997,103.47468566894531
1637996276319,217.59810478213183,103.52105712890625
1637996276453,,103.63035583496094
1637996276454,239.70944337603478,
1637996276544,262.63871284548355,103.6336669921875
1637996276633,,103.683349609375
1637996276634,288.0503085911886,
1637996276725,312.8205357688906,103.64691162109375
1637996276859,338.562100050038,103.72308349609375
1637996276949,363.5153109542348,103.79595947265625
1637996277039,,103.87213134765625
1637996277084,387.5338813482023,
1637996277173,,103.84894561767578
1637996277174,406.59339274491816,
1637996277263,,103.85888671875
1637996277264,420.2496346377629,
1637996277354,,103.82576751708984
1637996277399,428.172964031484,
1637996277488,,103.88538360595703
1637996277489,432.16781156046505,
1637996277578,,103.85888671875
1637996277579,430.1675983383237,
1637996277668,,103.85888671875
1637996277669,428.172964031484,
1637996277804,414.36462669282946,103.95824432373047
1637996277893,,103.94500732421875
1637996277894,389.4165479267486,
1637996277984,,103.96818542480469
1637996277985,361.70212582475517,
1637996278119,,104.07085418701172
1637996278120,336.81462308726606,
1637996278209,316.1953882543661,104.02449035644531
1637996278299,301.1436022033441,104.08079528808594
1637996278434,,104.00460815429688
1637996278435,291.2988654196775,
1637996278523,,104.02780151367188
1637996278524,284.818082749614,
1637996278613,,104.11721801757812
1637996278614,281.601993764116,
1637996278749,,104.11721801757812
1637996278750,279.99998397827244,
1637996278838,,104.12384033203125
1637996278839,279.99998397827244,
1637996278929,279.99998397827244,104.17684936523438
1637996279064,281.601993764116,104.24971008300781
1637996279154,284.818082749614,104.17684936523438
1637996279244,289.6725611289809,104.29607391357422
1637996279334,292.9292943401977,104.30268859863281
1637996279468,,104.37887573242188
1637996279469,307.79052798907594,
1637996279559,329.8701315043567,104.35237884521484
1637996279649,354.4973656770844,104.41200256347656
1637996279784,378.19650492048123,104.43849182128906
1637996279874,396.9986277374971,104.48486328125
1637996279963,,104.49479675292969
1637996280009,408.52821187382904,
1637996280098,,104.57098388671875
1637996280100,416.32089920384647,
1637996280189,418.28254902895475,104.52461242675781
1637996280279,416.32089920384647,104.53784942626953
1637996280414,410.46831686327073,104.62728881835938
1637996280504,406.59339274491816,104.57098388671875
1637996280593,,104.59083557128906
1637996280594,398.90710798281384,
1637996280729,391.3043437698163,104.62728881835938
1637996280819,383.78379367580396,104.53123474121094
1637996280909,374.4966447746951,104.53123474121094
1637996281044,,104.49810028076172
1637996281045,361.70212582475517,
1637996281134,354.4973656770844,104.49479675292969
1637996281224,347.36840710415464,104.53453063964844
1637996281358,,104.4881820678711
1637996281359,345.5979011846211,
1637996281451,345.5979011846211,104.52129364013672
1637996281539,349.14360299405985,104.4815444946289
1637996281674,352.70805323638746,104.57098388671875
1637996281764,,104.53453063964844
1637996281765,358.09019428186605,
1637996281854,,104.63722229003906
1637996281855,365.3333372819689,
1637996281989,374.4966447746951,104.67033386230469
1637996282079,,104.7100830078125
1637996282080,383.78379367580396,
1637996282169,396.9986277374971,104.69682312011719
1637996282258,,104.72332000732422
1637996282259,408.52821187382904,
1637996282394,422.2222177481946,104.77301025390625
1637996282484,436.1851437413944,104.92204284667969
1637996282574,,104.87567901611328
1637996282619,452.4822852647644,
1637996282709,469.15349211585084,104.87567901611328
1637996282799,481.9102576711703,104.9386215209961
1637996282933,,104.92536926269531
1637996282934,492.711360672877,
1637996283024,494.8905137049014,104.91874694824219
1637996283114,494.8905137049014,104.9617919921875
1637996283204,492.711360672877,105.02471923828125
1637996283339,490.538577934194,105.05784606933594
1637996283429,484.0579442531229,104.99160766601562
1637996283519,,105.01148223876953
1637996283566,477.6334782907746,
1637996283654,469.15349211585084,104.94523620605469
1637996283744,456.61453030681747,104.97834777832031
1637996283833,,104.9617919921875
1637996283834,448.3733959171901,
1637996283968,,104.95848083496094
1637996283970,440.2250463808651,
1637996284059,436.1851437413944,104.9551773071289
1637996284148,,105.01478576660156
1637996284149,434.1736790364072,
1637996284283,,105.05120849609375
1637996284284,432.16781156046505,
1637996284374,,105.03135681152344
1637996284375,430.1675983383237,
1637996284464,,105.09428405761719
1637996284509,432.16781156046505,
1637996284599,,105.09095764160156
1637996284600,434.1736790364072,
1637996284689,440.2250463808651,105.14396667480469
1637996284780,446.3276673833569,105.1572036743164
1637996284914,450.4249516907538,105.24000549316406
1637996285004,,105.30956268310547
1637996285005,456.61453030681747,
1637996285094,462.8571378124004,105.22676086425781
1637996285229,,105.23006439208984
1637996285231,469.15349211585084,
1637996285319,475.50434498298785,105.30956268310547
1637996285409,484.0579442531229,105.34931182861328
1637996285544,488.3720794840724,105.3360595703125
1637996285634,488.3720794840724,105.34931182861328
1637996285724,484.0579442531229,105.35592651367188
1637996285859,477.6334782907746,105.39567565917969
1637996285949,467.0487265548845,105.3890380859375
1637996286039,,105.43872833251953
1637996286040,456.61453030681747,
1637996286174,442.2535116221788,105.3592300415039
1637996286264,422.2222177481946,105.362548828125
1637996286354,404.6639299320293,105.41553497314453
1637996286489,391.3043437698163,105.4056167602539
1637996286579,383.78379367580396,105.362548828125
1637996286669,380.05392496390925,105.42549133300781
1637996286759,376.3440831270724,105.44866943359375
1637996286895,376.3440831270724,105.48509216308594
1637996286984,378.19650492048123,105.49835205078125
1637996287119,,105.57453155517578
1637996287120,380.05392496390925,
1637996287210,,105.51490783691406
1637996287211,383.78379367580396,
1637996287299,391.3043437698163,105.64075469970703
1637996287434,395.09536990077555,105.5877685546875
1637996287524,404.6639299320293,105.6142578125
1637996287614,414.36462669282946,105.70700073242188
1637996287704,422.2222177481946,105.73680877685547
1637996287839,434.1736790364072,105.71363830566406
1637996287929,450.4249516907538,105.69044494628906
1637996288019,464.9499278348915,105.75336456298828
1637996288154,471.2643936455603,105.7931137084961
1637996288246,,105.8096694946289
1637996288247,471.2643936455603,
1637996288334,,105.80305480957031
1637996288379,464.9499278348915,
1637996288469,458.6894462267708,105.8096694946289
1637996288559,,105.8394775390625
1637996288560,448.3733959171901,
1637996288649,436.1851437413944,105.8394775390625
1637996288784,418.28254902895475,105.88584899902344
1637996288874,391.3043437698163,105.89578247070312
1637996288964,,105.88916778564453
1637996289010,372.6541438243005,
1637996289099,,105.91236114501953
1637996289100,359.8937523746633,
1637996289189,352.70805323638746,105.93885803222656
1637996289278,,105.90240478515625
1637996289279,345.5979011846211,
1637996289414,343.83201949125566,105.95541381835938
1637996289504,343.83201949125566,105.99183654785156
1637996289594,345.5979011846211,105.93885803222656
1637996289729,,106.00177764892578
1637996289730,347.36840710415464,
1637996289819,352.70805323638746,106.07795715332031
1637996289909,359.8937523746633,106.10113525390625
1637996290044,368.98394781041407,106.0812759399414
1637996290134,,106.12100219726562
1637996290135,380.05392496390925,
1637996290224,389.4165479267486,106.19056701660156
1637996290360,,106.17069244384766
1637996290361,402.7397376024876,
1637996290449,420.2496346377629,106.22367858886719
1637996290539,446.3276673833569,106.18063354492188
1637996290674,,106.21705627441406
1637996290675,462.8571378124004,
1637996290764,469.15349211585084,106.2601089477539
1637996290854,473.3812865196108,106.2899169921875
1637996290944,,106.22367858886719
1637996290989,469.15349211585084,
1637996291079,454.5454446934474,106.27998352050781
1637996291169,442.2535116221788,106.24687194824219
1637996291304,430.1675983383237,106.34954833984375
1637996291394,416.32089920384647,106.240234375
1637996291484,400.8208108206512,106.20712280273438
1637996291619,,106.20380401611328
1637996291620,381.91632522962715,
1637996291709,370.8166029277889,106.21044158935547
1637996291799,361.70212582475517,106.18724822998047
1637996291934,,106.13094329833984
1637996291935,356.29139601653634,
1637996292025,350.92347092875866,106.15081787109375
1637996292115,347.36840710415464,106.22367858886719
1637996292204,,106.19718933105469
1637996292249,347.36840710415464,
1637996292339,,106.2435531616211
1637996292340,349.14360299405985,
1637996292429,354.4973656770844,106.27666473388672
1637996292519,358.09019428186605,106.27998352050781
1637996292654,367.1562048884259,106.28662109375
1637996292744,385.65628121334447,106.32635498046875
1637996292834,398.90710798281384,106.36610412597656
1637996292969,410.46831686327073,106.29653930664062
1637996293059,,106.32305145263672
1637996293060,424.2002776014619,
1637996293149,,106.36610412597656
1637996293150,436.1851437413944,
1637996293284,450.4249516907538,106.35948181152344
1637996293374,,106.42572021484375
1637996293375,458.6894462267708,
1637996293464,,106.35284423828125
1637996293509,462.8571378124004,
1637996293599,,106.45553588867188
1637996293600,462.8571378124004,
1637996293690,452.4822852647644,106.40252685546875
1637996293779,,106.39591217041016
1637996293780,440.2250463808651,
1637996293914,,106.41246795654297
1637996293915,416.32089920384647,
1637996294005,387.5338813482023,106.41908264160156
1637996294094,363.5153109542348,106.35284423828125
1637996294229,,106.33296966552734
1637996294230,347.36840710415464,
1637996294319,,106.34622192382812
1637996294320,338.562100050038,
1637996294409,329.8701315043567,106.35948181152344
1637996294544,324.70891344200567,106.37271881103516
1637996294634,321.29033839516615,106.35616302490234
1637996294726,319.5876414343309,106.39259338378906
1637996294859,321.29033839516615,106.41578674316406
1637996294949,321.29033839516615,106.45553588867188
1637996295039,,106.43566131591797
1637996295040,322.99739572383675,
1637996295174,,106.53169250488281
1637996295175,324.70891344200567,
1637996295264,328.1452484350468,106.4886474609375
1637996295354,,106.4919662475586
1637996295355,336.81462308726606,
1637996295491,,106.58470153808594
1637996295492,349.14360299405985,
1637996295579,367.1562048884259,106.55818939208984
1637996295669,389.4165479267486,106.52175903320312
1637996295759,406.59339274491816,106.61449432373047
1637996295894,,106.538330078125
1637996295895,416.32089920384647,
1637996295984,,106.64762878417969
1637996295985,420.2496346377629,
1637996296074,,106.63107299804688
1637996296119,420.2496346377629,
1637996296209,418.28254902895475,106.59132385253906
1637996296299,412.41379785027436,106.4886474609375
1637996296389,406.59339274491816,106.4919662475586
1637996296524,396.9986277374971,106.33296966552734
1637996296614,387.5338813482023,106.42572021484375
1637996296704,378.19650492048123,106.36277770996094
1637996296839,372.6541438243005,106.32305145263672
1637996296929,,106.27998352050781
1637996296930,368.98394781041407,
1637996297019,367.1562048884259,106.3131103515625
1637996297154,,106.30647277832031
1637996297155,367.1562048884259,
1637996297244,,106.2667465209961
1637996297245,368.98394781041407,
1637996297334,,106.36610412597656
1637996297335,372.6541438243005,
1637996297469,,106.36941528320312
1637996297470,378.19650492048123,
1637996297559,,106.35948181152344
1637996297560,383.78379367580396,
1637996297649,389.4165479267486,106.42902374267578
1637996297784,,106.38265991210938
1637996297785,395.09536990077555,
1637996297874,404.6639299320293,106.47871398925781
1637996297964,412.41379785027436,106.40585327148438
1637996298099,,106.4455795288086
1637996298100,418.28254902895475,
1637996298189,,106.49858093261719
1637996298190,428.172964031484,
1637996298279,,106.55157470703125
1637996298280,440.2250463808651,
1637996298414,450.4249516907538,106.58470153808594
1637996298504,454.5454446934474,106.4886474609375
1637996298594,,106.56814575195312
1637996298595,458.6894462267708,
1637996298729,458.6894462267708,106.54495239257812
1637996298820,,106.53501892089844
1637996298822,450.4249516907538,
1637996298909,442.2535116221788,106.60125732421875
1637996298999,428.172964031484,106.62113189697266
1637996299134,418.28254902895475,106.62774658203125
1637996299224,402.7397376024876,106.61449432373047
1637996299314,,106.65424346923828
1637996299315,383.78379367580396,
1637996299449,,106.72710418701172
1637996299450,363.5153109542348,
1637996299539,,106.6939926147461
1637996299540,342.07078427296346,
1637996299629,,106.67743682861328
1637996299674,321.29033839516615,
1637996299764,302.7989619816315,106.68075561523438
1637996299854,,106.7337417602539
1637996299855,283.20802140395097,
1637996299944,267.32673014908283,106.78010559082031
1637996300079,256.4417296444107,106.70722961425781
1637996300169,,106.690673828125
1637996300170,251.83373789526448,
1637996300259,,106.70060729980469
1637996300260,247.25944502118412,
1637996300394,,106.77679443359375
1637996300395,245.74209730423934,
1637996300484,,106.79998779296875
1637996300485,250.3052500137855,
1637996300574,,106.75361633300781
1637996300619,254.9019488679685,
1637996300709,,106.78010559082031
1637996300710,265.7601990281764,
1637996300799,273.6318518314587,106.81983947753906
1637996300889,286.4321580586634,106.75691223144531
1637996301024,,106.81321716308594
1637996301025,301.1436022033441,
1637996301115,317.88930735470086,106.82979583740234
1637996301204,336.81462308726606,106.87284851074219
1637996301339,,106.85629272460938
1637996301340,356.29139601653634,
1637996301430,374.4966447746951,106.95564270019531
1637996301519,391.3043437698163,106.9424057006836
1637996301654,,106.9390869140625
1637996301655,404.6639299320293,
1637996301744,410.46831686327073,106.9158935546875
1637996301837,414.36462669282946,106.89933776855469
1637996301924,,106.86290740966797
1637996301970,414.36462669282946,
1637996302059,,106.77679443359375
1637996302060,410.46831686327073,
1637996302149,,106.77017211914062
1637996302150,398.90710798281384,
1637996302239,,106.7138671875
1637996302287,385.65628121334447,
1637996302374,,106.74368286132812
1637996302375,370.8166029277889,
1637996302464,358.09019428186605,106.690673828125
1637996302599,,106.56482696533203
1637996302600,340.31413570085226,
1637996302689,328.1452484350468,106.64100646972656
1637996302779,,106.54163360595703
1637996302780,321.29033839516615,
1637996302914,,106.61119079589844
1637996302915,316.1953882543661,
1637996303004,312.8205357688906,106.62113189697266
1637996303094,,106.66088104248047
1637996303095,312.8205357688906,
1637996303184,314.5057945404732,106.57144165039062
1637996303319,319.5876414343309,106.62113189697266
1637996303409,,106.63768768310547
1637996303410,324.70891344200567,
1637996303499,,106.67411804199219
1637996303544,329.8701315043567,
1637996303634,333.3333333333333,106.60457611083984
1637996303724,,106.65756225585938
1637996303725,340.31413570085226,
1637996303815,352.70805323638746,106.7337417602539
1637996303949,,106.6939926147461
1637996303950,363.5153109542348,
1637996304040,372.6541438243005,106.73042297363281
1637996304129,,106.73704528808594
1637996304175,381.91632522962715,
1637996304264,,106.79004669189453
1637996304265,391.3043437698163,
1637996304354,,106.74697875976562
1637996304355,391.3043437698163,
1637996304444,,106.6707992553711
1637996304490,387.5338813482023,
1637996304579,,106.76353454589844
1637996304580,383.78379367580396,
1637996304669,,106.82979583740234
1637996304670,378.19650492048123,
1637996304760,370.8166029277889,106.74368286132812
1637996304894,,106.76023864746094
1637996304895,359.8937523746633,
1637996304984,,106.70060729980469
1637996304985,345.5979011846211,
1637996305074,,106.68405151367188
1637996305075,326.4248454653038,
1637996305209,,106.75029754638672
1637996305210,314.5057945404732,
1637996305299,,106.6641845703125
1637996305300,304.45860889776407,
1637996305389,297.84538613132423,106.6707992553711
1637996305524,,106.72048950195312
1637996305525,294.5638439466953,
1637996305614,,106.7105484008789
1637996305615,297.84538613132423,
1637996305704,299.49238506188277,106.7171859741211
1637996305839,,106.77349090576172
1637996305840,302.7989619816315,
1637996305929,,106.80660247802734
1637996305930,311.13957700843696,
1637996306019,,106.75029754638672
1637996306020,321.29033839516615,
1637996306109,,106.85958862304688
1637996306155,331.599453730682,
1637996306244,,106.82647705078125
1637996306245,342.07078427296346,
1637996306334,,106.79666137695312
1637996306335,350.92347092875866,
1637996306469,361.70212582475517,106.85958862304688
1637996306559,,106.8960189819336
1637996306560,374.4966447746951,
1637996306650,,106.84303283691406
1637996306651,385.65628121334447,
1637996306785,396.9986277374971,106.84303283691406
1637996306874,,107.00532531738281
1637996306875,400.8208108206512,
1637996306964,396.9986277374971,106.9390869140625
1637996307055,389.4165479267486,106.9357681274414
1637996307189,380.05392496390925,106.99539184570312
1637996307279,,106.96226501464844
1637996307280,370.8166029277889,
1637996307369,,106.99871063232422
1637996307414,356.29139601653634,
1637996307504,,106.98545837402344
1637996307505,342.07078427296346,
1637996307594,,106.99871063232422
1637996307595,321.29033839516615,
1637996307684,,107.03514099121094
1637996307685,301.1436022033441,
1637996307819,,107.09144592285156
1637996307820,279.99998397827244,
1637996307909,,107.07157135009766
1637996307910,257.98524559288694,
1637996307999,,107.07487487792969
1637996308044,235.2231513692035,
1637996308134,,106.97883605957031
1637996308135,214.70936121274457,
1637996308224,,106.98875427246094
1637996308225,197.6608156268344,
1637996308314,,106.94570922851562
1637996308359,187.93503313940778,
1637996308449,,107.01856994628906
1637996308450,185.18518191469718,
1637996308539,,106.99871063232422
1637996308540,185.18518191469718,
1637996308629,,107.05501556396484
1637996308630,190.69768287737128,
1637996308764,197.6608156268344,107.01194763183594
1637996308855,204.70588327163645,107.1212387084961
1637996308945,211.834327057586,107.06163024902344
1637996309079,,107.04176330566406
1637996309080,224.88039149728496,
1637996309170,239.70944337603478,107.10136413574219
1637996309260,256.4417296444107,107.15766906738281
1637996309395,273.6318518314587,107.1609878540039
1637996309484,,107.22393035888672
1637996309485,294.5638439466953,
1637996309575,317.88930735470086,107.21729278564453
1637996309709,,107.1676254272461
1637996309710,343.83201949125566,
1637996309799,,107.25040435791016
1637996309800,368.98394781041407,
1637996309890,380.05392496390925,107.30009460449219
1637996310025,378.19650492048123,107.25040435791016
1637996310114,,107.26365661621094
1637996310115,370.8166029277889,
1637996310205,359.8937523746633,107.33322143554688
1637996310339,,107.34315490722656
1637996310340,345.5979011846211,
1637996310429,,107.33322143554688
1637996310430,328.1452484350468,
1637996310520,,107.34977722167969
1637996310521,312.8205357688906,
1637996310610,296.20251269433084,107.37959289550781
1637996310747,281.601993764116,107.35971069335938
1637996310835,264.19754144022954,107.46570587158203
1637996310924,,107.39945983886719
1637996310969,248.78047681010858,
1637996311059,,107.42263793945312
1637996311060,233.7349486216043,
1637996311149,,107.39614868164062
1637996311150,219.04761407380755,
1637996311239,204.70588327163645,107.35309600830078
1637996311374,,107.3630142211914
1637996311375,189.3147555326545,
1637996311464,,107.21397399902344
1637996311465,175.66015833061738,
1637996311600,164.9601827409251,107.14775085449219
1637996311690,158.3710396988616,107.15104675292969
1637996311779,,107.08151245117188
1637996311780,153.1531524952332,
1637996311869,,107.07818603515625
1637996311870,147.98205771742826,
1637996312004,,107.10136413574219
1637996312005,149.2704782900153,
1637996312094,,107.08480834960938
1637996312095,153.1531524952332,
1637996312185,160.99773590792304,107.01194763183594
1637996312320,168.9497669073066,107.1212387084961
1637996312410,,107.15766906738281
1637996312413,177.01149444690955,
1637996312500,187.93503313940778,107.08480834960938
1637996312635,199.0632271818838,107.10800170898438
1637996312725,211.834327057586,107.164306640625
1637996312814,,107.18748474121094
1637996312815,224.88039149728496,
1637996312950,238.21040507600145,107.26698303222656
1637996313039,,107.27027893066406
1637996313040,253.36597736060597,
1637996313129,270.47147874108975,107.25704193115234
1637996313219,,107.24048614501953
1637996313264,291.2988654196775,
1637996313354,,107.30670928955078
1637996313355,316.1953882543661,
1637996313444,,107.29347229003906
1637996313445,342.07078427296346,
1637996313579,,107.30670928955078
1637996313580,365.3333372819689,
1637996313669,,107.3464584350586
1637996313670,378.19650492048123,
1637996313759,,107.35309600830078
1637996313760,378.19650492048123,
1637996313849,,107.33322143554688
1637996313894,370.8166029277889,
1637996313984,,107.4094009399414
1637996313985,359.8937523746633,
1637996314075,,107.42927551269531
1637996314076,342.07078427296346,
1637996314165,,107.39945983886719
1637996314209,324.70891344200567,
1637996314300,311.13957700843696,107.49220275878906
1637996314392,296.20251269433084,107.4094009399414
1637996314480,,107.41931915283203
1637996314524,279.99998397827244,
1637996314614,,107.416015625
1637996314615,264.19754144022954,
1637996314704,,107.392822265625
1637996314705,245.74209730423934,
1637996314794,,107.44251251220703
1637996314795,229.29171379908067,
1637996314929,,107.3895263671875
1637996314930,211.834327057586,
1637996315019,,107.54188537597656
1637996315020,194.86580229458525,
1637996315109,,107.47562408447266
1637996315110,179.72349953966867,
1637996315244,164.9601827409251,107.45245361328125
1637996315335,151.85602109291628,107.49549865722656
1637996315425,,107.44912719726562
1637996315469,142.85714285714286,
1637996315560,,107.46900939941406
1637996315561,137.7777824496047,
1637996315649,132.74335498975665,107.41931915283203
1637996315740,133.99779152886086,107.47562408447266
1637996315875,136.51498913166876,107.43257141113281
1637996315964,,107.42263793945312
1637996315965,141.58305522864714,
1637996316054,,107.47232055664062
1637996316055,146.69652800710807,
1637996316189,,107.44251251220703
1637996316190,153.1531524952332,
1637996316280,160.99773590792304,107.44912719726562
1637996316369,,107.42595672607422
1637996316370,172.9667814031546,
1637996316504,,107.44583129882812
1637996316505,185.18518191469718,
1637996316594,,107.47232055664062
1637996316595,197.6608156268344,
1637996316684,,107.53524780273438
1637996316685,211.834327057586,
1637996316774,,107.55512237548828
1637996316775,226.34731379102112,
1637996316910,241.21212441870884,107.49549865722656
1637996317000,259.5325831483612,107.57499694824219
1637996317135,279.99998397827244,107.53524780273438
1637996317224,302.7989619816315,107.60810852050781
1637996317315,324.70891344200567,107.62798309326172
1637996317450,335.0717080572195,107.60810852050781
1637996317540,340.31413570085226,107.63792419433594
1637996317629,,107.6114273071289
1637996317630,338.562100050038,
1637996317720,331.599453730682,107.6346206665039
1637996317855,324.70891344200567,107.69092559814453
1637996317944,,107.6180419921875
1637996317945,312.8205357688906,
1637996318080,,107.66111755371094
1637996318081,296.20251269433084,
1637996318170,279.99998397827244,107.67434692382812
1637996318260,262.63871284548355,107.69092559814453
1637996318395,244.22843963895474,107.69092559814453
1637996318484,,107.69754028320312
1637996318485,226.34731379102112,
1637996318575,208.97284486589837,107.65779113769531
1637996318664,,107.66111755371094
1637996318665,192.0838256441257,
1637996318799,,107.5882339477539
1637996318800,175.66015833061738,
1637996318889,,107.56837463378906
1637996318890,158.3710396988616,
1637996318980,,107.54188537597656
1637996318981,142.85714285714286,
1637996319114,,107.51869201660156
1637996319115,136.51498913166876,
1637996319205,133.99779152886086,107.47562408447266
1637996319295,,107.53192901611328
1637996319339,135.25499749373952,
1637996319430,139.0433740125619,107.56173706054688
1637996319520,144.13407882662332,107.5716781616211
1637996319609,,107.591552734375
1637996319610,154.45321448932756,
1637996319745,167.61687972262496,107.61474609375
1637996319835,181.08419519824045,107.57499694824219
1637996319924,,107.59819030761719
1637996319970,196.2616778698663,
1637996320059,,107.65117645263672
1637996320060,213.27013591451833,
1637996320149,,107.66441345214844
1637996320150,232.25030803882208,
1637996320239,,107.69092559814453
1637996320240,251.83373789526448,
1637996320375,272.0497037830848,107.70084381103516
1637996320465,294.5638439466953,107.62136840820312
1637996320554,,107.67105102539062
1637996320555,316.1953882543661,
1637996320689,,107.67434692382812
1637996320690,340.31413570085226,
1637996320780,358.09019428186605,107.73397827148438
1637996320872,,107.71080017089844
1637996320873,370.8166029277889,
1637996321005,381.91632522962715,107.74723052978516
1637996321094,,107.76378631591797
1637996321095,387.5338813482023,
1637996321184,,107.70084381103516
1637996321185,389.4165479267486,
1637996321274,,107.71742248535156
1637996321275,391.3043437698163,
1637996321410,389.4165479267486,107.73728942871094
1637996321500,383.78379367580396,107.74391174316406
1637996321589,,107.67767333984375
1637996321635,372.6541438243005,
1637996321724,,107.83332824707031
1637996321725,359.8937523746633,
1637996321816,347.36840710415464,107.72735595703125
1637996321904,,107.70748138427734
1637996321949,333.3333333333333,
1637996322039,,107.70084381103516
1637996322040,316.1953882543661,
1637996322129,,107.61474609375
1637996322130,302.7989619816315,
1637996322264,,107.51537322998047
1637996322265,291.2988654196775,
1637996322355,,107.58493041992188
1637996322356,284.818082749614,
1637996322445,281.601993764116,107.63130187988281
1637996322534,,107.64453887939453
1637996322535,281.601993764116,
1637996322670,283.20802140395097,107.6180419921875
1637996322760,284.818082749614,107.63792419433594
1637996322850,291.2988654196775,107.65779113769531
1637996322985,296.20251269433084,107.65779113769531
1637996323074,,107.70416259765625
1637996323075,302.7989619816315,
1637996323164,,107.71409606933594
1637996323165,311.13957700843696,
1637996323299,,107.71742248535156
1637996323300,326.4248454653038,
1637996323389,,107.70748138427734
1637996323390,340.31413570085226,
1637996323480,354.4973656770844,107.790283203125
1637996323615,370.8166029277889,107.68428802490234
1637996323704,,107.80021667480469
1637996323705,389.4165479267486,
1637996323795,396.9986277374971,107.71742248535156
1637996323929,,107.76710510253906
1637996323930,400.8208108206512,
1637996324020,396.9986277374971,107.790283203125
1637996324109,,107.8200912475586
1637996324110,385.65628121334447,
1637996324244,,107.81015014648438
1637996324245,376.3440831270724,
1637996324337,365.3333372819689,107.8366470336914
1637996324425,356.29139601653634,107.8167724609375
1637996324560,342.07078427296346,107.8366470336914
1637996324650,,107.86975860595703
1637996324654,326.4248454653038,
1637996324740,309.4629325840259,107.8167724609375
1637996324875,299.49238506188277,107.77040100097656
1637996324965,288.0503085911886,107.84326171875
1637996325055,276.8079714917693,107.76046752929688
1637996325144,,107.77702331542969
1637996325145,265.7601990281764,
1637996325280,254.9019488679685,107.8399658203125
1637996325369,,107.73065185546875
1637996325415,242.71845334391327,
1637996325460,,107.75384521484375
1637996325505,233.7349486216043,
1637996325595,,107.78034210205078
1637996325596,223.4169600066818,
1637996325684,,107.8167724609375
1637996325685,220.50058943095416,
1637996325820,224.88039149728496,107.7935791015625
1637996325910,230.76922230466616,107.75384521484375
1637996326002,,107.78366088867188
1637996326003,235.2231513692035,
1637996326135,242.71845334391327,107.77040100097656
1637996326224,,107.77040100097656
1637996326225,251.83373789526448,
1637996326315,264.19754144022954,107.83332824707031
1637996326404,,107.8200912475586
1637996326405,278.4019796039199,
1637996326540,284.818082749614,107.87969970703125
1637996326630,286.4321580586634,107.92938232421875
1637996326720,,107.84326171875
1637996326765,286.4321580586634,
1637996326855,286.4321580586634,107.90950775146484
1637996326945,283.20802140395097,107.8134536743164
1637996327035,278.4019796039199,107.91282653808594
1637996327170,276.8079714917693,107.92276000976562
1637996327260,275.2179175532079,107.85652160644531
1637996327350,,107.8598403930664
1637996327394,268.897150255812,
1637996327484,,107.93270111083984
1637996327485,262.63871284548355,
1637996327574,,107.87307739257812
1637996327575,257.98524559288694,
1637996327665,,107.92938232421875
1637996327709,254.9019488679685,
1637996327799,,107.89956665039062
1637996327800,253.36597736060597,
1637996327890,,107.86975860595703
1637996327891,251.83373789526448,
1637996327980,250.3052500137855,107.89627075195312
1637996328115,,107.93270111083984
1637996328117,250.3052500137855,
1637996328204,,108.00888061523438
1637996328205,254.9019488679685,
1637996328295,262.63871284548355,107.97245025634766
1637996328430,273.6318518314587,107.95257568359375
1637996328519,,108.0916748046875
1637996328520,286.4321580586634,
1637996328609,,108.04861450195312
1637996328610,302.7989619816315,
1637996328744,,108.04861450195312
1637996328745,321.29033839516615,
1637996328835,340.31413570085226,108.08836364746094
1637996328925,361.70212582475517,108.07180786132812
1637996329015,380.05392496390925,108.07510375976562
1637996329150,391.3043437698163,108.12478637695312
1637996329240,391.3043437698163,108.0684814453125
1637996329374,,108.0916748046875
1637996329375,387.5338813482023,
1637996329465,381.91632522962715,108.10823059082031
1637996329555,370.8166029277889,108.19103240966797
1637996329645,,108.17447662353516
1637996329690,358.09019428186605,
1637996329780,,108.14797973632812
1637996329781,340.31413570085226,
1637996329870,319.5876414343309,108.14797973632812
1637996329959,,108.12811279296875
1637996330005,304.45860889776407,
1637996330095,292.9292943401977,108.16453552246094
1637996330185,284.818082749614,108.16122436523438
1637996330275,,108.11817169189453
1637996330320,279.99998397827244,
1637996330409,,108.11817169189453
1637996330412,276.8079714917693,
1637996330499,,108.13140869140625
1637996330500,275.2179175532079,
1637996330590,275.2179175532079,108.20097351074219
1637996330725,279.99998397827244,108.22416687011719
1637996330815,286.4321580586634,108.19103240966797
1637996330905,297.84538613132423,108.19766998291016
1637996331040,311.13957700843696,108.20428466796875
1637996331130,324.70891344200567,108.2705307006836
1637996331220,338.562100050038,108.20758819580078
1637996331355,350.92347092875866,108.24072265625
1637996331444,,108.25727844238281
1637996331446,359.8937523746633,
1637996331535,368.98394781041407,108.22416687011719
1637996331670,368.98394781041407,108.2904052734375
1637996331760,367.1562048884259,108.32683563232422
1637996331850,358.09019428186605,108.30696105957031
1637996331984,,108.31689453125
1637996331985,342.07078427296346,
1637996332075,328.1452484350468,108.293701171875
1637996332165,306.1224281266563,108.31358337402344
1637996332255,284.818082749614,108.33675384521484
1637996332390,267.32673014908283,108.38975524902344
1637996332480,253.36597736060597,108.33013916015625
1637996332570,,108.32351684570312
1637996332615,242.71845334391327,
1637996332705,235.2231513692035,108.36326599121094
1637996332796,,108.34007263183594
1637996332797,229.29171379908067,
1637996332929,,108.37650299072266
1637996332930,224.88039149728496,
1637996333020,226.34731379102112,108.41625213623047
1637996333110,233.7349486216043,108.33675384521484
1637996333200,244.22843963895474,108.35000610351562
1637996333336,257.98524559288694,108.3102798461914
1637996333425,268.897150255812,108.36658477783203
1637996333515,281.601993764116,108.42288970947266
1637996333649,,108.41625213623047
1637996333650,299.49238506188277,
1637996333740,314.5057945404732,108.45932006835938
1637996333829,,108.40631103515625
1637996333830,328.1452484350468,
1637996333965,342.07078427296346,108.45932006835938
1637996334055,,108.48580932617188
1637996334056,352.70805323638746,
1637996334145,,108.5421142578125
1637996334190,350.92347092875866,
1637996334281,,108.50898742675781
1637996334282,342.07078427296346,
1637996334369,,108.47917175292969
1637996334370,329.8701315043567,
1637996334460,314.5057945404732,108.48580932617188
1637996334595,296.20251269433084,108.50566864013672
1637996334685,275.2179175532079,108.53880310058594
1637996334775,,108.53880310058594
1637996334776,254.9019488679685,
1637996334911,,108.515625
1637996334913,232.25030803882208,
1637996335000,,108.53218078613281
1637996335001,211.834327057586,
1637996335090,190.69768287737128,108.57192993164062
1637996335224,,108.52224731445312
1637996335225,174.3119250803963,
1637996335315,160.99773590792304,108.5123062133789
1637996335405,151.85602109291628,108.55205535888672
1637996335495,,108.52554321289062
1637996335540,150.56180178614952,
1637996335630,151.85602109291628,108.515625
1637996335720,154.45321448932756,108.57522583007812
1637996335855,162.31555261924413,108.52224731445312
1637996335945,174.3119250803963,108.58516693115234
1637996336035,187.93503313940778,108.56861114501953
1637996336170,203.29025223612763,108.67790222167969
1637996336260,,108.61497497558594
1637996336261,221.9570408253875,
1637996336350,241.21212441870884,108.59510803222656
1637996336440,,108.61166381835938
1637996336485,262.63871284548355,
1637996336576,,108.68453979492188
1637996336577,284.818082749614,
1637996336665,307.79052798907594,108.65141296386719
1637996336800,329.8701315043567,108.64479064941406
1637996336890,336.81462308726606,108.63485717773438
1637996336980,340.31413570085226,108.6944580078125
1637996337115,335.0717080572195,108.6977767944336
1637996337204,,108.6977767944336
1637996337205,328.1452484350468,
1637996337295,314.5057945404732,108.691162109375
1637996337385,301.1436022033441,108.6745834350586
1637996337520,286.4321580586634,108.691162109375
1637996337610,270.47147874108975,108.7408447265625
1637996337745,253.36597736060597,108.73420715332031
1637996337835,233.7349486216043,108.57522583007812
1637996337925,214.70936121274457,108.73088836669922
1637996338019,194.86580229458525,108.744140625
1637996338150,178.36594108941287,108.79383087158203
1637996338241,166.2870173902839,108.7375259399414
1637996338330,157.06214274603363,108.75408172607422
1637996338465,151.85602109291628,108.75740051269531
1637996338555,,108.73420715332031
1637996338600,157.06214274603363,
1637996338645,,108.72427368164062
1637996338690,164.9601827409251,
1637996338779,,108.6944580078125
1637996338780,175.66015833061738,
1637996338870,187.93503313940778,108.78719329833984
1637996338960,203.29025223612763,108.77395629882812
1637996339095,217.59810478213183,108.77727508544922
1637996339185,,108.77727508544922
1637996339186,235.2231513692035,
1637996339275,,108.75408172607422
1637996339276,251.83373789526448,
1637996339410,268.897150255812,108.78388977050781
1637996339500,288.0503085911886,108.78388977050781
1637996339590,,108.80044555664062
1637996339591,309.4629325840259,
1637996339725,331.599453730682,108.77063751220703
1637996339815,350.92347092875866,108.77395629882812
1637996339906,361.70212582475517,108.82032775878906
1637996339995,,108.86007690429688
1637996340040,363.5153109542348,
1637996340130,361.70212582475517,108.84349822998047
1637996340220,354.4973656770844,108.73420715332031
1637996340355,343.83201949125566,108.81370544433594
1637996340445,331.599453730682,108.78388977050781
1637996340535,316.1953882543661,108.75408172607422
1637996340670,299.49238506188277,108.85013580322266
1637996340760,283.20802140395097,108.76069641113281
1637996340850,,108.79051208496094
1637996340851,264.19754144022954,
1637996340942,,108.68783569335938
1637996340985,245.74209730423934,
1637996341075,227.81773381997556,108.68122100830078
1637996341165,213.27013591451833,108.63153076171875
1637996341255,,108.7176513671875
1637996341300,203.29025223612763,
1637996341390,196.2616778698663,108.60504150390625
1637996341480,,108.60504150390625
1637996341481,192.0838256441257,
1637996341615,193.47320207507804,108.60836029052734
1637996341705,,108.59510803222656
1637996341706,199.0632271818838,
1637996341795,206.12485543065225,108.70771789550781
1637996341885,217.59810478213183,108.70109558105469
1637996342020,230.76922230466616,108.70771789550781
1637996342110,244.22843963895474,108.72758483886719
1637996342200,257.98524559288694,108.73420715332031
1637996342335,275.2179175532079,108.73088836669922
1637996342425,292.9292943401977,108.70439147949219
1637996342515,,108.68783569335938
1637996342560,312.8205357688906,
1637996342650,331.599453730682,108.79383087158203
1637996342740,343.83201949125566,108.744140625
1637996342830,349.14360299405985,108.7375259399414
1637996342965,349.14360299405985,108.6977767944336
1637996343055,,108.84349822998047
1637996343056,342.07078427296346,
1637996343145,,108.76069641113281
1637996343146,329.8701315043567,
1637996343280,,108.78057861328125
1637996343281,314.5057945404732,
1637996343370,,108.75740051269531
1637996343371,299.49238506188277,
1637996343460,,108.80044555664062
1637996343461,281.601993764116,
1637996343595,262.63871284548355,108.80377197265625
1637996343685,242.71845334391327,108.80044555664062
1637996343775,,108.77395629882812
1637996343776,223.4169600066818,
1637996343910,203.29025223612763,108.83688354492188
1637996344000,182.44803152668354,108.75408172607422
1637996344090,166.2870173902839,108.68453979492188
1637996344180,153.1531524952332,108.81700134277344
1637996344315,144.13407882662332,108.73420715332031
1637996344405,144.13407882662332,108.75740051269531
1637996344495,149.2704782900153,108.73420715332031
1637996344630,155.75620432188055,108.80377197265625
1637996344723,163.6363622176746,108.80377197265625
1637996344810,,108.84019470214844
1637996344855,178.36594108941287,
1637996344945,192.0838256441257,108.82032775878906
1637996345035,206.12485543065225,108.85675048828125
1637996345125,223.4169600066818,108.90975952148438
1637996345260,239.70944337603478,108.86007690429688
1637996345350,257.98524559288694,108.92961120605469
1637996345440,,108.84019470214844
1637996345441,278.4019796039199,
1637996345575,299.49238506188277,108.87994384765625
1637996345665,322.99739572383675,108.8998031616211
1637996345755,,108.84019470214844
1637996345800,340.31413570085226,
1637996345889,,108.9461898803711
1637996345890,350.92347092875866,
1637996345980,354.4973656770844,108.95610809326172
1637996346115,350.92347092875866,108.90975952148438
1637996346205,342.07078427296346,108.86669158935547
1637996346295,331.599453730682,108.8998031616211
1637996346385,,108.9461898803711
1637996346389,321.29033839516615,
1637996346520,309.4629325840259,108.92961120605469
1637996346610,,108.919677734375
1637996346611,294.5638439466953,
1637996346700,,108.95610809326172
1637996346701,276.8079714917693,
1637996346837,,108.92631530761719
1637996346838,259.5325831483612,
1637996346925,242.71845334391327,108.9693603515625
1637996347015,224.88039149728496,108.93293762207031
1637996347150,,108.95280456542969
1637996347151,208.97284486589837,
1637996347240,190.69768287737128,108.90644073486328
1637996347330,174.3119250803963,108.93623352050781
1637996347421,160.99773590792304,108.87330627441406
1637996347555,154.45321448932756,108.95610809326172
1637996347645,153.1531524952332,108.92961120605469
1637996347735,,108.9229965209961
1637996347780,157.06214274603363,
1637996347871,164.9601827409251,108.87994384765625
1637996347960,,108.9163818359375
1637996347961,174.3119250803963,
1637996348095,182.44803152668354,108.9163818359375
1637996348185,193.47320207507804,108.9395523071289
1637996348275,207.54716234217366,108.966064453125
1637996348410,223.4169600066818,108.9395523071289
1637996348503,239.70944337603478,109.02566528320312
1637996348590,257.98524559288694,108.86669158935547
1637996348680,,108.95280456542969
1637996348681,276.8079714917693,
1637996348815,297.84538613132423,109.03560638427734
1637996348905,319.5876414343309,108.99585723876953
1637996349040,,109.01905059814453
1637996349041,342.07078427296346,
1637996349130,361.70212582475517,108.99585723876953
1637996349220,372.6541438243005,109.02566528320312
1637996349310,374.4966447746951,109.03228759765625
1637996349445,368.98394781041407,109.06871795654297
1637996349535,361.70212582475517,109.08529663085938
1637996349625,350.92347092875866,109.12171936035156
1637996349760,,109.10846710205078
1637996349761,342.07078427296346,
1637996349850,,109.07865905761719
1637996349851,329.8701315043567,
1637996349940,,109.08529663085938
1637996349941,314.5057945404732,
1637996350075,296.20251269433084,109.08859252929688
1637996350167,279.99998397827244,109.06541442871094
1637996350255,261.0837389361802,109.02566528320312
1637996350390,242.71845334391327,108.98262023925781
1637996350480,224.88039149728496,108.8931884765625
1637996350570,213.27013591451833,108.83026123046875
1637996350660,,108.83358001708984
1637996350661,204.70588327163645,
1637996350795,,108.85345458984375
1637996350796,200.46893138398997,
1637996350885,199.0632271818838,108.86007690429688
1637996350975,,108.86337280273438
1637996351020,204.70588327163645,
1637996351110,213.27013591451833,108.80377197265625
1637996351200,224.88039149728496,108.91305541992188
1637996351290,,108.84681701660156
1637996351335,235.2231513692035,
1637996351425,245.74209730423934,108.84681701660156
1637996351519,256.4417296444107,108.8998031616211
1637996351605,270.47147874108975,108.85013580322266
1637996351740,,108.919677734375
1637996351741,288.0503085911886,
1637996351830,,108.93623352050781
1637996351831,304.45860889776407,
1637996351920,,108.88656616210938
1637996351921,321.29033839516615,
1637996352055,340.31413570085226,108.87330627441406
1637996352145,358.09019428186605,108.95610809326172
1637996352235,368.98394781041407,108.98262023925781
1637996352370,374.4966447746951,108.9693603515625
1637996352460,374.4966447746951,108.91305541992188
1637996352551,372.6541438243005,108.99253845214844
1637996352685,367.1562048884259,108.99917602539062
1637996352775,,108.94287109375
1637996352776,361.70212582475517,
1637996352865,352.70805323638746,108.91305541992188
1637996352955,,108.93293762207031
1637996352956,338.562100050038,
1637996353091,321.29033839516615,109.06541442871094
1637996353180,,109.02235412597656
1637996353181,299.49238506188277,
1637996353270,,108.99585723876953
1637996353271,278.4019796039199,
1637996353405,,109.01905059814453
1637996353406,264.19754144022954,
1637996353495,254.9019488679685,108.99917602539062
1637996353585,,109.01573181152344
1637996353630,250.3052500137855,
1637996353720,,108.97930145263672
1637996353721,245.74209730423934,
1637996353810,245.74209730423934,108.92961120605469
1637996353945,248.78047681010858,109.02566528320312
1637996354036,251.83373789526448,109.03892517089844
1637996354125,257.98524559288694,109.04554748535156
1637996354215,265.7601990281764,109.04554748535156
1637996354350,275.2179175532079,109.08529663085938
1637996354440,283.20802140395097,109.06871795654297
1637996354533,,109.05548095703125
1637996354575,294.5638439466953,
1637996354665,307.79052798907594,109.08529663085938
1637996354755,326.4248454653038,109.1250228881836
1637996354845,,109.1250228881836
1637996354890,349.14360299405985,
1637996354982,372.6541438243005,109.10846710205078
1637996355070,,109.17471313476562
1637996355071,389.4165479267486,
1637996355160,,109.1482162475586
1637996355161,398.90710798281384,
1637996355296,402.7397376024876,109.15153503417969
1637996355385,398.90710798281384,109.23432922363281
1637996355475,,109.1680908203125
1637996355520,389.4165479267486,
1637996355610,374.4966447746951,109.21775817871094
1637996355700,359.8937523746633,109.21775817871094
1637996355790,,109.1714096069336
1637996355791,345.5979011846211,
1637996355925,331.599453730682,109.19790649414062
1637996356015,,109.17471313476562
1637996356016,316.1953882543661,
1637996356105,297.84538613132423,109.19790649414062
1637996356240,278.4019796039199,109.20783996582031
1637996356330,261.0837389361802,109.1879653930664
1637996356420,244.22843963895474,109.20783996582031
1637996356555,233.7349486216043,109.21775817871094
1637996356646,,109.20452117919922
1637996356647,226.34731379102112,
1637996356735,,109.1250228881836
1637996356736,221.9570408253875,
1637996356870,220.50058943095416,109.13166046142578
1637996356960,,109.1647720336914
1637996356961,220.50058943095416,
1637996357050,226.34731379102112,109.17471313476562
1637996357185,236.71498184357242,109.24757385253906
1637996357275,,109.23101806640625
1637996357276,250.3052500137855,
1637996357365,264.19754144022954,109.1879653930664
1637996357500,275.2179175532079,109.194580078125
1637996357590,288.0503085911886,109.22107696533203
1637996357680,301.1436022033441,109.21775817871094
1637996357770,316.1953882543661,109.24427032470703
1637996357905,333.3333333333333,109.24427032470703
1637996357996,352.70805323638746,109.27406311035156
1637996358085,,109.26744079589844
1637996358130,368.98394781041407,
1637996358220,,109.31381225585938
1637996358221,376.3440831270724,
1637996358311,,109.32044982910156
1637996358313,376.3440831270724,
1637996358445,370.8166029277889,109.24095153808594
1637996358536,363.5153109542348,109.26082611083984
1637996358625,,109.3436279296875
1637996358626,354.4973656770844,
1637996358715,335.0717080572195,109.33368682861328
1637996358850,,109.29393768310547
1637996358851,316.1953882543661,
1637996358940,,109.30057525634766
1637996358941,299.49238506188277,
1637996359030,,109.23432922363281
1637996359031,283.20802140395097,
1637996359165,268.897150255812,109.26082611083984
1637996359255,,109.22439575195312
1637996359256,253.36597736060597,
1637996359345,,109.10846710205078
1637996359390,241.21212441870884,
1637996359480,233.7349486216043,109.10514831542969
1637996359570,,109.12834167480469
1637996359571,229.29171379908067,
1637996359660,,109.1482162475586
1637996359705,226.34731379102112,
1637996359795,,109.18132781982422
1637996359796,226.34731379102112,
1637996359885,,109.20120239257812
1637996359886,229.29171379908067,
1637996359975,,109.1714096069336
1637996359978,236.71498184357242,
1637996360110,,109.22771453857422
1637996360112,245.74209730423934,
1637996360200,254.9019488679685,109.15483093261719
1637996360290,,109.1680908203125
1637996360292,267.32673014908283,
1637996360425,,109.19126892089844
1637996360426,284.818082749614,
1637996360515,,109.22107696533203
1637996360516,302.7989619816315,
1637996360605,317.88930735470086,109.22771453857422
1637996360740,,109.22107696533203
1637996360741,333.3333333333333,
1637996360830,,109.19790649414062
1637996360831,347.36840710415464,
1637996360920,,109.21446228027344
1637996360921,365.3333372819689,
1637996361055,,109.23432922363281
1637996361056,376.3440831270724,
1637996361145,,109.25088500976562
1637996361146,383.78379367580396,
1637996361236,387.5338813482023,109.28070068359375
1637996361370,387.5338813482023,109.24757385253906
1637996361460,,109.21775817871094
1637996361461,385.65628121334447,
1637996361550,,109.28401947021484
1637996361551,381.91632522962715,
1637996361640,,109.33036804199219
1637996361685,374.4966447746951,
1637996361775,,109.27406311035156
1637996361776,367.1562048884259,
1637996361865,,109.21113586425781
1637996361866,358.09019428186605,
1637996362000,,109.1680908203125
1637996362001,347.36840710415464,
1637996362090,,109.18132781982422
1637996362091,338.562100050038,
1637996362180,,109.05879974365234
1637996362181,328.1452484350468,
1637996362270,,109.00249481201172
1637996362271,317.88930735470086,
1637996362406,311.13957700843696,109.06210327148438
1637996362495,,109.03560638427734
1637996362496,307.79052798907594,
1637996362585,,109.03892517089844
1637996362586,304.45860889776407,
1637996362720,,109.04222106933594
1637996362721,304.45860889776407,
1637996362810,,109.06871795654297
1637996362811,306.1224281266563,
1637996362900,,109.10185241699219
1637996362901,309.4629325840259,
1637996363036,312.8205357688906,109.06871795654297
1637996363125,317.88930735470086,109.08529663085938
1637996363215,,109.194580078125
1637996363216,324.70891344200567,
1637996363350,,109.13496398925781
1637996363351,333.3333333333333,
1637996363441,342.07078427296346,109.04554748535156
1637996363531,350.92347092875866,109.17471313476562
1637996363665,,109.1416015625
1637996363666,363.5153109542348,
1637996363756,372.6541438243005,109.1448974609375
1637996363845,,109.13496398925781
1637996363846,383.78379367580396,
1637996363981,396.9986277374971,109.194580078125
1637996364070,,109.22439575195312
1637996364071,404.6639299320293,
1637996364160,,109.25088500976562
1637996364161,410.46831686327073,
1637996364251,,109.19126892089844
1637996364296,408.52821187382904,
1637996364386,406.59339274491816,109.16145324707031
1637996364476,398.90710798281384,109.194580078125
1637996364566,,109.21446228027344
1637996364610,385.65628121334447,
1637996364700,,109.22107696533203
1637996364701,370.8166029277889,
1637996364790,358.09019428186605,109.18464660644531
1637996364925,342.07078427296346,109.19126892089844
1637996365015,326.4248454653038,109.1416015625
1637996365105,,109.16145324707031
1637996365106,311.13957700843696,
1637996365240,,109.04884338378906
1637996365241,292.9292943401977,
1637996365331,,109.08197021484375
1637996365332,278.4019796039199,
1637996365421,267.32673014908283,109.01573181152344
1637996365510,,109.09191131591797
1637996365555,261.0837389361802,
1637996365646,254.9019488679685,109.06210327148438
1637996365735,253.36597736060597,109.09523010253906
1637996365825,,108.98924255371094
1637996365870,253.36597736060597,
1637996365960,,109.05548095703125
1637996365961,254.9019488679685,
1637996366050,,109.07535552978516
1637996366051,261.0837389361802,
1637996366140,,109.05216217041016
1637996366141,268.897150255812,
1637996366275,,109.118408203125
1637996366276,279.99998397827244,
1637996366365,292.9292943401977,109.12171936035156
1637996366455,,109.11510467529297
1637996366500,306.1224281266563,
1637996366590,,109.13496398925781
1637996366591,321.29033839516615,
1637996366680,,109.1250228881836
1637996366682,335.0717080572195,
1637996366770,,109.1647720336914
1637996366815,350.92347092875866,
1637996366905,,109.21775817871094
1637996366906,367.1562048884259,
1637996366996,381.91632522962715,109.17802429199219
1637996367085,,109.18464660644531
1637996367086,391.3043437698163,
1637996367223,,109.1647720336914
1637996367224,393.1972616929975,
1637996367310,,109.20120239257812
1637996367311,391.3043437698163,
1637996367401,381.91632522962715,109.20120239257812
1637996367536,365.3333372819689,109.25088500976562
1637996367625,,109.23432922363281
1637996367626,343.83201949125566,
1637996367715,,109.18132781982422
1637996367716,321.29033839516615,
1637996367850,,109.21775817871094
1637996367851,299.49238506188277,
1637996367940,,109.1647720336914
1637996367941,278.4019796039199,
1637996368031,257.98524559288694,109.11178588867188
1637996368165,241.21212441870884,109.1448974609375
1637996368255,,109.08529663085938
1637996368256,230.76922230466616,
1637996368346,221.9570408253875,109.03560638427734
1637996368480,,109.06541442871094
1637996368481,217.59810478213183,
1637996368573,214.70936121274457,109.118408203125
1637996368660,213.27013591451833,109.12834167480469
